Firm,Year,Link SFCR,MA Value Full Year,MA Value Y-1,Delta,Delta/12,Jan,Feb,Mar,Apr,May,Jun,Jul,Aug,Sep,Oct,Nov,Dec,Check MA Value Year
Rothesay Life,2023,Rothesay SFCR 2023," £7,499,024,000 "," £5,543,338,000 "," £1,955,686,000 "," £162,973,833 "," £5,706,311,833 "," £5,869,285,667 "," £6,032,259,500 "," £6,195,233,333 "," £6,358,207,167 "," £6,521,181,000 "," £6,684,154,833 "," £6,847,128,667 "," £7,010,102,500 "," £7,173,076,333 "," £7,336,050,167 "," £7,499,024,000 ", £-   
Rothesay Life,2022,Rothesay SCFR 2022," £5,543,338,000 "," £6,654,753,000 ","-£1,111,415,000 ","-£92,617,917 "," £6,562,135,083 "," £6,469,517,167 "," £6,376,899,250 "," £6,284,281,333 "," £6,191,663,417 "," £6,099,045,500 "," £6,006,427,583 "," £5,913,809,667 "," £5,821,191,750 "," £5,728,573,833 "," £5,635,955,917 "," £5,543,338,000 ", £-   
Rothesay Life,2021,Rothesay SFCR 2021," £6,654,753,000 "," £6,561,793,000 "," £92,960,000 "," £7,746,667 "," £6,569,539,667 "," £6,577,286,333 "," £6,585,033,000 "," £6,592,779,667 "," £6,600,526,333 "," £6,608,273,000 "," £6,616,019,667 "," £6,623,766,333 "," £6,631,513,000 "," £6,639,259,667 "," £6,647,006,333 "," £6,654,753,000 ", £-   
Rothesay Life,2020,Rothesay SFCR 2020," £6,561,793,000 "," £5,504,717,000 "," £1,057,076,000 "," £88,089,667 "," £5,592,806,667 "," £5,680,896,333 "," £5,768,986,000 "," £5,857,075,667 "," £5,945,165,333 "," £6,033,255,000 "," £6,121,344,667 "," £6,209,434,333 "," £6,297,524,000 "," £6,385,613,667 "," £6,473,703,333 "," £6,561,793,000 ", £-   
Rothesay Life,2019,Rothesay SFCR 2019," £5,504,717,000 "," £4,088,073,000 "," £1,416,644,000 "," £118,053,667 "," £4,206,126,667 "," £4,324,180,333 "," £4,442,234,000 "," £4,560,287,667 "," £4,678,341,333 "," £4,796,395,000 "," £4,914,448,667 "," £5,032,502,333 "," £5,150,556,000 "," £5,268,609,667 "," £5,386,663,333 "," £5,504,717,000 ", £-   
Rothesay Life,2018,Rothesay SFCR 2018," £4,088,073,000 "," £743,104,000 "," £3,344,969,000 "," £278,747,417 "," £1,021,851,417 "," £1,300,598,833 "," £1,579,346,250 "," £1,858,093,667 "," £2,136,841,083 "," £2,415,588,500 "," £2,694,335,917 "," £2,973,083,333 "," £3,251,830,750 "," £3,530,578,167 "," £3,809,325,583 "," £4,088,073,000 ", £-   
Rothesay Life,2017,Rothesay SFCR 2017," £743,104,000 "," £866,613,000 ","-£123,509,000 ","-£10,292,417 "," £856,320,583 "," £846,028,167 "," £835,735,750 "," £825,443,333 "," £815,150,917 "," £804,858,500 "," £794,566,083 "," £784,273,667 "," £773,981,250 "," £763,688,833 "," £753,396,417 "," £743,104,000 ", £-   
Rothesay Life,2016,Rothesay SFCR 2016," £866,613,000 ",,, £-   , £-   , £-   , £-   , £-   , £-   , £-   , £-   , £-   , £-   , £-   , £-   , £-   ,
Pension Insurance Corporation,2023,PIC SFCR 2023," £5,346,243,154 "," £4,171,766,780 "," £1,174,476,374 "," £97,873,031 "," £4,269,639,811 "," £4,367,512,842 "," £4,465,385,874 "," £4,563,258,905 "," £4,661,131,936 "," £4,759,004,967 "," £4,856,877,998 "," £4,954,751,029 "," £5,052,624,061 "," £5,150,497,092 "," £5,248,370,123 "," £5,346,243,154 ", £-   
Pension Insurance Corporation,2022,PIC SFCR 2022," £4,171,766,780 "," £6,116,598,221 ","-£1,944,831,441 ","-£162,069,287 "," £5,954,528,934 "," £5,792,459,648 "," £5,630,390,361 "," £5,468,321,074 "," £5,306,251,787 "," £5,144,182,501 "," £4,982,113,214 "," £4,820,043,927 "," £4,657,974,640 "," £4,495,905,354 "," £4,333,836,067 "," £4,171,766,780 ", £-   
Pension Insurance Corporation,2021,PIC SFCR 2021," £6,116,598,221 "," £5,894,320,307 "," £222,277,914 "," £18,523,160 "," £5,912,843,467 "," £5,931,366,626 "," £5,949,889,786 "," £5,968,412,945 "," £5,986,936,105 "," £6,005,459,264 "," £6,023,982,424 "," £6,042,505,583 "," £6,061,028,743 "," £6,079,551,902 "," £6,098,075,062 "," £6,116,598,221 ", £-   
Pension Insurance Corporation,2020,PIC SFCR 2020," £5,894,320,307 "," £4,935,482,830 "," £958,837,477 "," £79,903,123 "," £5,015,385,953 "," £5,095,289,076 "," £5,175,192,199 "," £5,255,095,322 "," £5,334,998,445 "," £5,414,901,569 "," £5,494,804,692 "," £5,574,707,815 "," £5,654,610,938 "," £5,734,514,061 "," £5,814,417,184 "," £5,894,320,307 ", £-   
Pension Insurance Corporation,2019,PIC SFCR 2019," £4,935,482,830 "," £3,749,342,365 "," £1,186,140,465 "," £98,845,039 "," £3,848,187,404 "," £3,947,032,443 "," £4,045,877,481 "," £4,144,722,520 "," £4,243,567,559 "," £4,342,412,598 "," £4,441,257,636 "," £4,540,102,675 "," £4,638,947,714 "," £4,737,792,753 "," £4,836,637,791 "," £4,935,482,830 ", £-   
Pension Insurance Corporation,2018,2018 PICG PIC plc SFCR (pensioncorporation.com) ," £3,749,342,365 "," £3,041,138,111 "," £708,204,254 "," £59,017,021 "," £3,100,155,132 "," £3,159,172,153 "," £3,218,189,175 "," £3,277,206,196 "," £3,336,223,217 "," £3,395,240,238 "," £3,454,257,259 "," £3,513,274,280 "," £3,572,291,302 "," £3,631,308,323 "," £3,690,325,344 "," £3,749,342,365 ", £-   
Pension Insurance Corporation,2017,https://www.pensioncorporation.com/content/dam/pic/corporate/documents/investors/-pic-and-picg-financial-results-and-reports/regulatory-returns/sfcr_year_end_-31_december_2017_final (1).pdf.downloadasset.pdf ," £3,041,138,111 "," £2,752,724,235 "," £288,413,876 "," £24,034,490 "," £2,776,758,725 "," £2,800,793,214 "," £2,824,827,704 "," £2,848,862,194 "," £2,872,896,683 "," £2,896,931,173 "," £2,920,965,663 "," £2,945,000,152 "," £2,969,034,642 "," £2,993,069,132 "," £3,017,103,621 "," £3,041,138,111 ", £-   
Pension Insurance Corporation,2016,2016 PICG PIC plc SFCR (pensioncorporation.com)," £2,752,724,235 ",,, £-   , £-   , £-   , £-   , £-   , £-   , £-   , £-   , £-   , £-   , £-   , £-   , £-   ,
L&G,2023,https://group.legalandgeneral.com/media/w3jj3uqn/legal-and-general-group-plc_2023_sfcr.pdf," £12,772,918,000 "," £8,097,088,000 "," £4,675,830,000 "," £389,652,500 "," £8,486,740,500 "," £8,876,393,000 "," £9,266,045,500 "," £9,655,698,000 "," £10,045,350,500 "," £10,435,003,000 "," £10,824,655,500 "," £11,214,308,000 "," £11,603,960,500 "," £11,993,613,000 "," £12,383,265,500 "," £12,772,918,000 ", £-   
L&G,2022,group-sfcr-2022-final-signed.pdf (legalandgeneral.com)," £8,097,088,000 "," £16,625,489,000 ","-£8,528,401,000 ","-£710,700,083 "," £15,914,788,917 "," £15,204,088,833 "," £14,493,388,750 "," £13,782,688,667 "," £13,071,988,583 "," £12,361,288,500 "," £11,650,588,417 "," £10,939,888,333 "," £10,229,188,250 "," £9,518,488,167 "," £8,807,788,083 "," £8,097,088,000 ", £-   
L&G,2021,group_sfcr-2021_signed.pdf (legalandgeneral.com)," £16,625,489,000 "," £15,070,099,000 "," £1,555,390,000 "," £129,615,833 "," £15,199,714,833 "," £15,329,330,667 "," £15,458,946,500 "," £15,588,562,333 "," £15,718,178,167 "," £15,847,794,000 "," £15,977,409,833 "," £16,107,025,667 "," £16,236,641,500 "," £16,366,257,333 "," £16,495,873,167 "," £16,625,489,000 ", £-   
L&G,2020,lg-group-plc-sfcr.pdf (legalandgeneral.com)," £15,070,099,000 "," £13,258,765,000 "," £1,811,334,000 "," £150,944,500 "," £13,409,709,500 "," £13,560,654,000 "," £13,711,598,500 "," £13,862,543,000 "," £14,013,487,500 "," £14,164,432,000 "," £14,315,376,500 "," £14,466,321,000 "," £14,617,265,500 "," £14,768,210,000 "," £14,919,154,500 "," £15,070,099,000 ", £-   
L&G,2019,sfcr-legal-general-group-plc.pdf (legalandgeneral.com)," £13,258,765,000 "," £10,563,106,000 "," £2,695,659,000 "," £224,638,250 "," £10,787,744,250 "," £11,012,382,500 "," £11,237,020,750 "," £11,461,659,000 "," £11,686,297,250 "," £11,910,935,500 "," £12,135,573,750 "," £12,360,212,000 "," £12,584,850,250 "," £12,809,488,500 "," £13,034,126,750 "," £13,258,765,000 ", £-   
L&G,2018,sii-sfcr-2018_group-_published.pdf (legalandgeneral.com)," £10,563,106,000 "," £10,503,166,000 "," £59,940,000 "," £4,995,000 "," £10,508,161,000 "," £10,513,156,000 "," £10,518,151,000 "," £10,523,146,000 "," £10,528,141,000 "," £10,533,136,000 "," £10,538,131,000 "," £10,543,126,000 "," £10,548,121,000 "," £10,553,116,000 "," £10,558,111,000 "," £10,563,106,000 ", £-   
L&G,2017,lg-group-sfcr-2017-final-published.pdf (legalandgeneral.com)," £10,503,166,000 "," £9,560,108,000 "," £943,058,000 "," £78,588,167 "," £9,638,696,167 "," £9,717,284,333 "," £9,795,872,500 "," £9,874,460,667 "," £9,953,048,833 "," £10,031,637,000 "," £10,110,225,167 "," £10,188,813,333 "," £10,267,401,500 "," £10,345,989,667 "," £10,424,577,833 "," £10,503,166,000 ", £-   
L&G,2016,solvency-and-financial-condition-group-2016.pdf (legalandgeneral.com)," £9,560,108,000 ",,, £-   , £-   , £-   , £-   , £-   , £-   , £-   , £-   , £-   , £-   , £-   , £-   , £-   ,
Aviva,2023,https://static.aviva.io/content/dam/aviva-corporate/documents/investors/pdfs/regulatoryreturns/2023/Aviva-plc-Single-Group-wide-SFCR-2023.pdf," £5,438,885,000 "," £4,630,186,000 "," £808,699,000 "," £67,391,583 "," £4,697,577,583 "," £4,764,969,167 "," £4,832,360,750 "," £4,899,752,333 "," £4,967,143,917 "," £5,034,535,500 "," £5,101,927,083 "," £5,169,318,667 "," £5,236,710,250 "," £5,304,101,833 "," £5,371,493,417 "," £5,438,885,000 ", £-   
Aviva,2022,31 Dec 22 Aviva plc Group SFCR (4).pdf," £4,630,186,000 "," £6,207,500,000 ","-£1,577,314,000 ","-£131,442,833 "," £6,076,057,167 "," £5,944,614,333 "," £5,813,171,500 "," £5,681,728,667 "," £5,550,285,833 "," £5,418,843,000 "," £5,287,400,167 "," £5,155,957,333 "," £5,024,514,500 "," £4,893,071,667 "," £4,761,628,833 "," £4,630,186,000 ", £-   
Aviva,2021,https://static.aviva.io/content/dam/aviva-corporate/documents/investors/pdfs/regulatoryreturns/2021/31%20Dec%2021%20Aviva%20plc%20Group%20SFCR.pdf," £6,207,500,000 "," £7,001,036,000 ","-£793,536,000 ","-£66,128,000 "," £6,934,908,000 "," £6,868,780,000 "," £6,802,652,000 "," £6,736,524,000 "," £6,670,396,000 "," £6,604,268,000 "," £6,538,140,000 "," £6,472,012,000 "," £6,405,884,000 "," £6,339,756,000 "," £6,273,628,000 "," £6,207,500,000 ", £-   
Aviva,2020,https://static.aviva.io/content/dam/aviva-corporate/documents/investors/pdfs/regulatoryreturns/2020/aviva-plc-group-sfcr-2020.pdf," £7,001,036,000 "," £6,693,961,000 "," £307,075,000 "," £25,589,583 "," £6,719,550,583 "," £6,745,140,167 "," £6,770,729,750 "," £6,796,319,333 "," £6,821,908,917 "," £6,847,498,500 "," £6,873,088,083 "," £6,898,677,667 "," £6,924,267,250 "," £6,949,856,833 "," £6,975,446,417 "," £7,001,036,000 ", £-   
Aviva,2019,https://static.aviva.io/content/dam/aviva-corporate/documents/investors/pdfs/regulatoryreturns/2019/31%20Dec%202019%20-%20Aviva%20plc%20Group%20SFCR.pdf," £6,693,961,000 "," £5,356,850,000 "," £1,337,111,000 "," £111,425,917 "," £5,468,275,917 "," £5,579,701,833 "," £5,691,127,750 "," £5,802,553,667 "," £5,913,979,583 "," £6,025,405,500 "," £6,136,831,417 "," £6,248,257,333 "," £6,359,683,250 "," £6,471,109,167 "," £6,582,535,083 "," £6,693,961,000 ", £-   
Aviva,2018,https://static.aviva.io/content/dam/aviva-corporate/documents/investors/pdfs/regulatoryreturns/2018/aviva-plc-group-sfcr.pdf," £5,356,850,000 "," £5,894,416,000 ","-£537,566,000 ","-£44,797,167 "," £5,849,618,833 "," £5,804,821,667 "," £5,760,024,500 "," £5,715,227,333 "," £5,670,430,167 "," £5,625,633,000 "," £5,580,835,833 "," £5,536,038,667 "," £5,491,241,500 "," £5,446,444,333 "," £5,401,647,167 "," £5,356,850,000 ", £-   
Aviva,2017,https://static.aviva.io/content/dam/aviva-corporate/documents/investors/pdfs/regulatoryreturns/2017/Solvency-FCR-2017.pdf," £5,894,416,000 "," £6,535,908,000 ","-£641,492,000 ","-£53,457,667 "," £6,482,450,333 "," £6,428,992,667 "," £6,375,535,000 "," £6,322,077,333 "," £6,268,619,667 "," £6,215,162,000 "," £6,161,704,333 "," £6,108,246,667 "," £6,054,789,000 "," £6,001,331,333 "," £5,947,873,667 "," £5,894,416,000 ", £-   
Aviva,2016,https://static.aviva.io/content/dam/aviva-corporate/documents/investors/pdfs/regulatoryreturns/2016/Aviva_plc_Group_SFCR_31_December_2016.pdf," £6,535,908,000 ",,, £-   , £-   , £-   , £-   , £-   , £-   , £-   , £-   , £-   , £-   , £-   , £-   , £-   ,
Just Group,2023,just-group-sfcr-2023.pdf (justgroupplc.co.uk)," £3,336,221,000 "," £2,425,682,000 "," £910,539,000 "," £75,878,250 "," £2,501,560,250 "," £2,577,438,500 "," £2,653,316,750 "," £2,729,195,000 "," £2,805,073,250 "," £2,880,951,500 "," £2,956,829,750 "," £3,032,708,000 "," £3,108,586,250 "," £3,184,464,500 "," £3,260,342,750 "," £3,336,221,000 ", £-   
Just Group,2022,Just Group SFCR 2022.pdf (justgroupplc.co.uk)," £2,425,682,000 "," £2,114,450,000 "," £311,232,000 "," £25,936,000 "," £2,140,386,000 "," £2,166,322,000 "," £2,192,258,000 "," £2,218,194,000 "," £2,244,130,000 "," £2,270,066,000 "," £2,296,002,000 "," £2,321,938,000 "," £2,347,874,000 "," £2,373,810,000 "," £2,399,746,000 "," £2,425,682,000 ", £-   
Just Group,2021,Just Group SFCR 2021.pdf (justgroupplc.co.uk)," £2,114,450,000 "," £1,452,664,000 "," £661,786,000 "," £55,148,833 "," £1,507,812,833 "," £1,562,961,667 "," £1,618,110,500 "," £1,673,259,333 "," £1,728,408,167 "," £1,783,557,000 "," £1,838,705,833 "," £1,893,854,667 "," £1,949,003,500 "," £2,004,152,333 "," £2,059,301,167 "," £2,114,450,000 ", £-   
Just Group,2020,Just Group SFCR 2020 090420 FINAL.pdf (justgroupplc.co.uk)," £1,452,664,000 "," £1,184,093,000 "," £268,571,000 "," £22,380,917 "," £1,206,473,917 "," £1,228,854,833 "," £1,251,235,750 "," £1,273,616,667 "," £1,295,997,583 "," £1,318,378,500 "," £1,340,759,417 "," £1,363,140,333 "," £1,385,521,250 "," £1,407,902,167 "," £1,430,283,083 "," £1,452,664,000 ", £-   
Just Group,2019,just-group-2019-sfcr.pdf (justgroupplc.co.uk)," £1,184,093,000 "," £1,044,423,000 "," £139,670,000 "," £11,639,167 "," £1,056,062,167 "," £1,067,701,333 "," £1,079,340,500 "," £1,090,979,667 "," £1,102,618,833 "," £1,114,258,000 "," £1,125,897,167 "," £1,137,536,333 "," £1,149,175,500 "," £1,160,814,667 "," £1,172,453,833 "," £1,184,093,000 ", £-   
Just Group,2018,Just Group SFCR 2018.pdf (justgroupplc.co.uk)," £1,044,423,000 "," £1,042,159,000 "," £2,264,000 "," £188,667 "," £1,042,347,667 "," £1,042,536,333 "," £1,042,725,000 "," £1,042,913,667 "," £1,043,102,333 "," £1,043,291,000 "," £1,043,479,667 "," £1,043,668,333 "," £1,043,857,000 "," £1,044,045,667 "," £1,044,234,333 "," £1,044,423,000 ", £-   
Just Group,2017,sfcr-as-at-31-december-2017.pdf (justgroupplc.co.uk)," £1,042,159,000 "," £901,127,000 "," £141,032,000 "," £11,752,667 "," £912,879,667 "," £924,632,333 "," £936,385,000 "," £948,137,667 "," £959,890,333 "," £971,643,000 "," £983,395,667 "," £995,148,333 "," £1,006,901,000 "," £1,018,653,667 "," £1,030,406,333 "," £1,042,159,000 ", £-   
Just Group,2016,Just Group plc Solvency and Financial Condition Report as at 31 December 2016.pdf," £901,127,000 ",,, £-   , £-   , £-   , £-   , £-   , £-   , £-   , £-   , £-   , £-   , £-   , £-   , £-   ,
Scottish Widows,2023,group_sfcr_2023.pdf (scottishwidows.co.uk)," £3,685,145,000 "," £2,785,937,000 "," £899,208,000 "," £74,934,000 "," £2,860,871,000 "," £2,935,805,000 "," £3,010,739,000 "," £3,085,673,000 "," £3,160,607,000 "," £3,235,541,000 "," £3,310,475,000 "," £3,385,409,000 "," £3,460,343,000 "," £3,535,277,000 "," £3,610,211,000 "," £3,685,145,000 ", £-   
Scottish Widows,2022,group_sfcr_2022.pdf (scottishwidows.co.uk)," £2,785,937,000 "," £3,905,659,000 ","-£1,119,722,000 ","-£93,310,167 "," £3,812,348,833 "," £3,719,038,667 "," £3,625,728,500 "," £3,532,418,333 "," £3,439,108,167 "," £3,345,798,000 "," £3,252,487,833 "," £3,159,177,667 "," £3,065,867,500 "," £2,972,557,333 "," £2,879,247,167 "," £2,785,937,000 ", £-   
Scottish Widows,2021,Group-SFCR-2021.pdf (scottishwidows.co.uk)," £3,905,659,000 "," £4,679,665,000 ","-£774,006,000 ","-£64,500,500 "," £4,615,164,500 "," £4,550,664,000 "," £4,486,163,500 "," £4,421,663,000 "," £4,357,162,500 "," £4,292,662,000 "," £4,228,161,500 "," £4,163,661,000 "," £4,099,160,500 "," £4,034,660,000 "," £3,970,159,500 "," £3,905,659,000 ", £-   
Scottish Widows,2020,Group-SFCR-2020.pdf (scottishwidows.co.uk)," £4,679,665,000 "," £3,560,436,000 "," £1,119,229,000 "," £93,269,083 "," £3,653,705,083 "," £3,746,974,167 "," £3,840,243,250 "," £3,933,512,333 "," £4,026,781,417 "," £4,120,050,500 "," £4,213,319,583 "," £4,306,588,667 "," £4,399,857,750 "," £4,493,126,833 "," £4,586,395,917 "," £4,679,665,000 ", £-   
Scottish Widows,2019,Group-SFCR-2019.pdf (scottishwidows.co.uk)," £3,560,436,000 "," £3,183,104,000 "," £377,332,000 "," £31,444,333 "," £3,214,548,333 "," £3,245,992,667 "," £3,277,437,000 "," £3,308,881,333 "," £3,340,325,667 "," £3,371,770,000 "," £3,403,214,333 "," £3,434,658,667 "," £3,466,103,000 "," £3,497,547,333 "," £3,528,991,667 "," £3,560,436,000 ", £-   
Scottish Widows,2018,Group-SFCR-2018.pdf (scottishwidows.co.uk)," £3,183,104,000 "," £2,511,253,000 "," £671,851,000 "," £55,987,583 "," £2,567,240,583 "," £2,623,228,167 "," £2,679,215,750 "," £2,735,203,333 "," £2,791,190,917 "," £2,847,178,500 "," £2,903,166,083 "," £2,959,153,667 "," £3,015,141,250 "," £3,071,128,833 "," £3,127,116,417 "," £3,183,104,000 ", £-   
Scottish Widows,2017,?," £2,511,253,000 "," £2,520,094,000 ","-£8,841,000 ","-£736,750 "," £2,519,357,250 "," £2,518,620,500 "," £2,517,883,750 "," £2,517,147,000 "," £2,516,410,250 "," £2,515,673,500 "," £2,514,936,750 "," £2,514,200,000 "," £2,513,463,250 "," £2,512,726,500 "," £2,511,989,750 "," £2,511,253,000 ", £-   
Scottish Widows,2016,?," £2,520,094,000 ",,, £-   , £-   , £-   , £-   , £-   , £-   , £-   , £-   , £-   , £-   , £-   , £-   , £-   ,"-£2,520,094,000 "
Canada Life (Ltd),2023,https://p3.aprimocdn.net/canadalifeuk/CLL%20SFCRII_2023_FINAL%20SIGNED.pdf," £933,068,000 "," £872,425,000 "," £60,643,000 "," £5,053,583 "," £877,478,583 "," £882,532,167 "," £887,585,750 "," £892,639,333 "," £897,692,917 "," £902,746,500 "," £907,800,083 "," £912,853,667 "," £917,907,250 "," £922,960,833 "," £928,014,417 "," £933,068,000 ", £-   
Canada Life (Ltd),2022,2022-CLL-SFCR.pdf (aprimocdn.net)," £872,425,000 "," £1,161,820,000 ","-£289,395,000 ","-£24,116,250 "," £1,137,703,750 "," £1,113,587,500 "," £1,089,471,250 "," £1,065,355,000 "," £1,041,238,750 "," £1,017,122,500 "," £993,006,250 "," £968,890,000 "," £944,773,750 "," £920,657,500 "," £896,541,250 "," £872,425,000 ", £-   
Canada Life (Ltd),2021,https://p3.aprimocdn.net/canadalifeuk/2021-cll-sfcr.pdf?," £1,161,820,000 "," £1,145,924,000 "," £15,896,000 "," £1,324,667 "," £1,147,248,667 "," £1,148,573,333 "," £1,149,898,000 "," £1,151,222,667 "," £1,152,547,333 "," £1,153,872,000 "," £1,155,196,667 "," £1,156,521,333 "," £1,157,846,000 "," £1,159,170,667 "," £1,160,495,333 "," £1,161,820,000 ", £-   
Canada Life (Ltd),2020,cll-2020-sfcr.pdf (aprimocdn.net)," £1,145,924,000 "," £805,379,000 "," £340,545,000 "," £28,378,750 "," £833,757,750 "," £862,136,500 "," £890,515,250 "," £918,894,000 "," £947,272,750 "," £975,651,500 "," £1,004,030,250 "," £1,032,409,000 "," £1,060,787,750 "," £1,089,166,500 "," £1,117,545,250 "," £1,145,924,000 ", £-   
Canada Life (Ltd),2019,https://p3.aprimocdn.net/canadalifeuk/cll-2019-sfcr.pdf," £805,379,000 "," £216,971,000 "," £588,408,000 "," £49,034,000 "," £266,005,000 "," £315,039,000 "," £364,073,000 "," £413,107,000 "," £462,141,000 "," £511,175,000 "," £560,209,000 "," £609,243,000 "," £658,277,000 "," £707,311,000 "," £756,345,000 "," £805,379,000 ", £-   
Canada Life (Ltd),2018,https://p3.aprimocdn.net/canadalifeuk/cll-2018-sfcr.pdf," £216,971,000 "," £263,202,000 ","-£46,231,000 ","-£3,852,583 "," £259,349,417 "," £255,496,833 "," £251,644,250 "," £247,791,667 "," £243,939,083 "," £240,086,500 "," £236,233,917 "," £232,381,333 "," £228,528,750 "," £224,676,167 "," £220,823,583 "," £216,971,000 ", £-   
Canada Life (Ltd),2017,https://p3.aprimocdn.net/canadalifeuk/solvency-and-financial-condition-report-cl-uk-2017.pdf," £263,202,000 "," £273,434,000 ","-£10,232,000 ","-£852,667 "," £272,581,333 "," £271,728,667 "," £270,876,000 "," £270,023,333 "," £269,170,667 "," £268,318,000 "," £267,465,333 "," £266,612,667 "," £265,760,000 "," £264,907,333 "," £264,054,667 "," £263,202,000 ", £-   
Canada Life (Ltd),2016,https://p3.aprimocdn.net/canadalifeuk/2016-cll-sfcr.pdf," £273,434,000 ",,, £-   , £-   , £-   , £-   , £-   , £-   , £-   , £-   , £-   , £-   , £-   , £-   , £-   ,
Retirement Advantage,2019,,, £-   , £-   , £-   , £-   , £-   , £-   , £-   , £-   , £-   , £-   , £-   , £-   , £-   , £-   , £-   , £-   
Retirement Advantage,2018,,, £-   , £-   , £-   , £-   , £-   , £-   , £-   , £-   , £-   , £-   , £-   , £-   , £-   , £-   , £-   , £-   
Retirement Advantage,2017,,, £-   , £-   , £-   , £-   , £-   , £-   , £-   , £-   , £-   , £-   , £-   , £-   , £-   , £-   , £-   , £-   
Retirement Advantage,2016,,,, £-   , £-   , £-   , £-   , £-   , £-   , £-   , £-   , £-   , £-   , £-   , £-   , £-   , £-   , £-   
Phoenix Group,2023,https://www.thephoenixgroup.com/media/xfalu2gb/phoenix-group-solvency-and-financial-condition-report-31-december-2023.pdf," £3,835,059,000 "," £2,613,551,000 "," £1,221,508,000 "," £101,792,333 "," £2,715,343,333 "," £2,817,135,667 "," £2,918,928,000 "," £3,020,720,333 "," £3,122,512,667 "," £3,224,305,000 "," £3,326,097,333 "," £3,427,889,667 "," £3,529,682,000 "," £3,631,474,333 "," £3,733,266,667 "," £3,835,059,000 ", £-   
Phoenix Group,2022,thephoenixgroup.com/media/jruhvzki/phoenix-group-solvency-and-financial-condition-report-31-december-2022.pdf," £2,613,551,000 "," £757,875,000 "," £1,855,676,000 "," £154,639,667 "," £912,514,667 "," £1,067,154,333 "," £1,221,794,000 "," £1,376,433,667 "," £1,531,073,333 "," £1,685,713,000 "," £1,840,352,667 "," £1,994,992,333 "," £2,149,632,000 "," £2,304,271,667 "," £2,458,911,333 "," £2,613,551,000 ", £-   
Phoenix Group,2021,https://www.thephoenixgroup.com/media/ssbnw2o1/phoenix-group-solvency-and-financial-condition-report-31-december-2021.pdf," £757,875,000 "," £3,271,573,000 ","-£2,513,698,000 ","-£209,474,833 "," £3,062,098,167 "," £2,852,623,333 "," £2,643,148,500 "," £2,433,673,667 "," £2,224,198,833 "," £2,014,724,000 "," £1,805,249,167 "," £1,595,774,333 "," £1,386,299,500 "," £1,176,824,667 "," £967,349,833 "," £757,875,000 ", £-   
Phoenix Group,2020,phoenix-group-solvency-and-financial-condition-report-31-december-2020.pdf (thephoenixgroup.com)," £3,271,573,000 "," £1,596,926,000 "," £1,674,647,000 "," £139,553,917 "," £1,736,479,917 "," £1,876,033,833 "," £2,015,587,750 "," £2,155,141,667 "," £2,294,695,583 "," £2,434,249,500 "," £2,573,803,417 "," £2,713,357,333 "," £2,852,911,250 "," £2,992,465,167 "," £3,132,019,083 "," £3,271,573,000 ", £-   
Phoenix Group,2019,phoenix-group-sfcr-31-dec-19-vfinal.pdf (thephoenixgroup.com)," £1,596,926,000 "," £1,301,119,000 "," £295,807,000 "," £24,650,583 "," £1,325,769,583 "," £1,350,420,167 "," £1,375,070,750 "," £1,399,721,333 "," £1,424,371,917 "," £1,449,022,500 "," £1,473,673,083 "," £1,498,323,667 "," £1,522,974,250 "," £1,547,624,833 "," £1,572,275,417 "," £1,596,926,000 ", £-   
Phoenix Group,2018,https://www.thephoenixgroup.com/media/dzldbmlg/pgh-plc-solvency-and-financial-condition-report-31-december-2018.pdf," £1,301,119,000 "," £921,343,000 "," £379,776,000 "," £31,648,000 "," £952,991,000 "," £984,639,000 "," £1,016,287,000 "," £1,047,935,000 "," £1,079,583,000 "," £1,111,231,000 "," £1,142,879,000 "," £1,174,527,000 "," £1,206,175,000 "," £1,237,823,000 "," £1,269,471,000 "," £1,301,119,000 ", £-   
Phoenix Group,2017,thephoenixgroup.com/media/3ukfgixs/phoenix-group-solvency-and-financial-condition-report-ye17.pdf," £921,343,000 "," £841,029,000 "," £80,314,000 "," £6,692,833 "," £847,721,833 "," £854,414,667 "," £861,107,500 "," £867,800,333 "," £874,493,167 "," £881,186,000 "," £887,878,833 "," £894,571,667 "," £901,264,500 "," £907,957,333 "," £914,650,167 "," £921,343,000 ", £-   
Phoenix Group,2016,thephoenixgroup.com/media/gvcgoghe/plhl-group-solvency-and-financial-condition-report.pdf," £841,029,000 ",,, £-   , £-   , £-   , £-   , £-   , £-   , £-   , £-   , £-   , £-   , £-   , £-   , £-   ,
Standard Life,2018,slal-sfcr-2018-signed-with-bookmarks.pdf (thephoenixgroup.com)," £445,924,000 ",,, £-   , £-   , £-   , £-   , £-   , £-   , £-   , £-   , £-   , £-   , £-   , £-   , £-   ,
ReAssure,2019,2019-reassure-sfcr.pdf (thephoenixgroup.com)," £1,704,814,000 "," £1,644,612,000 "," £60,202,000 "," £5,016,833 "," £1,649,628,833 "," £1,654,645,667 "," £1,659,662,500 "," £1,664,679,333 "," £1,669,696,167 "," £1,674,713,000 "," £1,679,729,833 "," £1,684,746,667 "," £1,689,763,500 "," £1,694,780,333 "," £1,699,797,167 "," £1,704,814,000 ", £-   
ReAssure,2018,sfcr-reassure-group-2018.pdf (swissre.com)," £1,644,612,000 "," £617,048,000 "," £1,027,564,000 "," £85,630,333 "," £702,678,333 "," £788,308,667 "," £873,939,000 "," £959,569,333 "," £1,045,199,667 "," £1,130,830,000 "," £1,216,460,333 "," £1,302,090,667 "," £1,387,721,000 "," £1,473,351,333 "," £1,558,981,667 "," £1,644,612,000 ", £-   
ReAssure,2017,SFCR_Reassure_Group_2017.pdf (swissre.com)," £617,048,000 "," £480,982,000 "," £136,066,000 "," £11,338,833 "," £492,320,833 "," £503,659,667 "," £514,998,500 "," £526,337,333 "," £537,676,167 "," £549,015,000 "," £560,353,833 "," £571,692,667 "," £583,031,500 "," £594,370,333 "," £605,709,167 "," £617,048,000 ", £-   
ReAssure,2016,solvency_and_financial_condition_report_reassure.pdf (swissre.com)," £480,982,000 ",,, £-   , £-   , £-   , £-   , £-   , £-   , £-   , £-   , £-   , £-   , £-   , £-   , £-   ,
Royal London,2023,single-group-solvency-and-financial-condition-report-2023.pdf (royallondon.com)," £187,508,000 "," £95,958,000 "," £91,550,000 "," £7,629,167 "," £103,587,167 "," £111,216,333 "," £118,845,500 "," £126,474,667 "," £134,103,833 "," £141,733,000 "," £149,362,167 "," £156,991,333 "," £164,620,500 "," £172,249,667 "," £179,878,833 "," £187,508,000 ", £-   
Royal London,2022,single-group-solvency-and-financial-condition-report-2022.pdf (royallondon.com)," £95,958,000 "," £66,727,000 "," £29,231,000 "," £2,435,917 "," £69,162,917 "," £71,598,833 "," £74,034,750 "," £76,470,667 "," £78,906,583 "," £81,342,500 "," £83,778,417 "," £86,214,333 "," £88,650,250 "," £91,086,167 "," £93,522,083 "," £95,958,000 ", £-   
Royal London,2021,single-group-solvency-and-financial-condition-report-2021.pdf (royallondon.com)," £66,727,000 ",,, £-   , £-   , £-   , £-   , £-   , £-   , £-   , £-   , £-   , £-   , £-   , £-   , £-   ,
M&G,2023,MG-plc-SFCR-2023.pdf (mandg.com)," £3,153,267,000 "," £3,062,714,000 "," £90,553,000 "," £7,546,083 "," £3,070,260,083 "," £3,077,806,167 "," £3,085,352,250 "," £3,092,898,333 "," £3,100,444,417 "," £3,107,990,500 "," £3,115,536,583 "," £3,123,082,667 "," £3,130,628,750 "," £3,138,174,833 "," £3,145,720,917 "," £3,153,267,000 ", £-   
M&G,2022,single-group-solvency-and-financial-condition-report.pdf (mandg.com)," £3,062,714,000 "," £3,707,335,000 ","-£644,621,000 ","-£53,718,417 "," £3,653,616,583 "," £3,599,898,167 "," £3,546,179,750 "," £3,492,461,333 "," £3,438,742,917 "," £3,385,024,500 "," £3,331,306,083 "," £3,277,587,667 "," £3,223,869,250 "," £3,170,150,833 "," £3,116,432,417 "," £3,062,714,000 ", £-   
M&G,2021,M&G plc SFCR - Single Group (mandg.com)," £3,707,335,000 "," £3,335,317,000 "," £372,018,000 "," £31,001,500 "," £3,366,318,500 "," £3,397,320,000 "," £3,428,321,500 "," £3,459,323,000 "," £3,490,324,500 "," £3,521,326,000 "," £3,552,327,500 "," £3,583,329,000 "," £3,614,330,500 "," £3,645,332,000 "," £3,676,333,500 "," £3,707,335,000 ", £-   
M&G,2020,MGP SFCR Report (mandg.com)," £3,335,317,000 "," £3,366,889,000 ","-£31,572,000 ","-£2,631,000 "," £3,364,258,000 "," £3,361,627,000 "," £3,358,996,000 "," £3,356,365,000 "," £3,353,734,000 "," £3,351,103,000 "," £3,348,472,000 "," £3,345,841,000 "," £3,343,210,000 "," £3,340,579,000 "," £3,337,948,000 "," £3,335,317,000 ", £-   
M&G,2019,MGP SFCR Report (mandg.com)," £3,366,889,000 "," £3,128,373,000 "," £238,516,000 "," £19,876,333 "," £3,148,249,333 "," £3,168,125,667 "," £3,188,002,000 "," £3,207,878,333 "," £3,227,754,667 "," £3,247,631,000 "," £3,267,507,333 "," £3,287,383,667 "," £3,307,260,000 "," £3,327,136,333 "," £3,347,012,667 "," £3,366,889,000 ", £-   
Pru,2018,pacl-sfcr-2018.pdf (prudentialplc.com)," £3,128,373,000 "," £5,031,575,000 ","-£1,903,202,000 ","-£158,600,167 "," £4,872,974,833 "," £4,714,374,667 "," £4,555,774,500 "," £4,397,174,333 "," £4,238,574,167 "," £4,079,974,000 "," £3,921,373,833 "," £3,762,773,667 "," £3,604,173,500 "," £3,445,573,333 "," £3,286,973,167 "," £3,128,373,000 ", £-   
Pru,2017,pacl-sfcr-2017.pdf (prudentialplc.com)," £5,031,575,000 "," £4,462,299,000 "," £569,276,000 "," £47,439,667 "," £4,509,738,667 "," £4,557,178,333 "," £4,604,618,000 "," £4,652,057,667 "," £4,699,497,333 "," £4,746,937,000 "," £4,794,376,667 "," £4,841,816,333 "," £4,889,256,000 "," £4,936,695,667 "," £4,984,135,333 "," £5,031,575,000 ", £-   
Pru,2016,pacl-sfcr-2016.pdf (prudentialplc.com)," £4,462,299,000 ", £-   ,, £-   , £-   , £-   , £-   , £-   , £-   , £-   , £-   , £-   , £-   , £-   , £-   , £-   ,"-£4,462,299,000 "
